,A,B,C,D
2000-01-01,0.42863499350509177,0.1563917713674471,0.9509636084269887,1.0526805001467112
2000-01-02,0.33383254283673697,0.07714170715064693,2.947896523345321,2.934158586813793
2000-01-03,0.44469620449133196,-0.7684356061787349,2.4705611112770605,4.312462948590162
2000-01-04,0.7313264373090642,-0.5021273639751457,2.3334160911417943,4.636186349999105
2000-01-05,-1.1913249102465904,-1.3749478072446473,1.7679274170174608,4.3780060806405015
2000-01-06,-1.6462411873422567,-0.536783233167755,2.1796435800455596,3.817227549429812
2000-01-07,-0.8991122048475758,-1.5353155677757275,4.297845234418255,4.131859809847064
2000-01-08,0.5901013114412162,-2.028605103725135,4.0056208915494445,5.051881418138122
2000-01-09,1.9061726984887613,-3.2731333078946028,2.519749785057759,4.27898687755106
2000-01-10,1.0635902958859718,-2.535104584914973,3.6171342338881654,1.6483988901198763
2000-01-11,0.3171769309535416,-2.4666742110642756,5.72167413717618,2.286838462688949
2000-01-12,0.12022534772376733,-1.9059460094883507,7.70603323820152,1.5242928467438042
2000-01-13,-1.1246149262275318,-2.3002549935629766,8.691450682264964,0.7554846326934226
2000-01-14,-0.2585601852995957,-3.2312476206756697,10.889013928246461,0.8016019922294384
2000-01-15,2.438077245143664,-0.9204804215285476,11.86311445064784,-0.22759791098790783
2000-01-16,3.455862167972003,0.23301169715241188,10.665782413977206,-0.0901029217218062
2000-01-17,4.80557826536924,0.45827902127116965,9.075952252902747,1.3759338246861008
2000-01-18,2.804243285899857,-0.7143400754611722,8.714220277809249,2.245445155699404
2000-01-19,3.806300593880984,0.3642406010213839,7.21343861872397,3.227164030138315
2000-01-20,3.90115360826819,0.0711532718525335,6.342569228602506,3.4121012684951797
2000-01-21,4.386834706288338,-1.5877717036711925,5.209901723699318,5.157756662766887
2000-01-22,3.0999484877744203,-2.181092237620212,5.834314290078943,4.191432300538078
2000-01-23,3.0583420651701516,-1.186818233086245,6.079424823045318,4.154805567050769
2000-01-24,3.421982369629016,-1.5561375128201405,6.597713056005794,4.326861402596287
2000-01-25,2.2004693807038325,0.010040647777477707,7.3246648517222965,5.346506712344915
2000-01-26,3.3880341542252195,-1.6440309765977341,7.867206630770931,4.459189607108837
2000-01-27,2.58784862878865,-2.190550424628424,9.2003823230963,3.5496288151724373
2000-01-28,3.037054908171347,-0.13855023429139823,7.798289083975365,2.639572586908388
2000-01-29,2.236398025140506,1.2675864227691707,6.839802297027617,2.1814763872539866
2000-01-30,1.2419755084547828,2.656133257972569,8.053577311852598,2.8186140863508355
2000-01-31,0.47101742887458753,3.290083306776909,6.664097714642716,1.7498505212688995
2000-02-01,-0.6254719313933647,3.08590444563108,7.239021559786224,0.14271896379693483
2000-02-02,0.2961521763553998,4.368054178028811,6.977032700998802,0.692210325372644
2000-02-03,0.3032488077359676,5.217311252463878,7.3434224105858865,-0.9113143865137977
2000-02-04,1.4930528608651705,4.490365859761195,7.506949892641499,-2.765944781940411
2000-02-05,1.7332919252160468,4.717643553217752,8.176152475986838,-2.194539833155541
2000-02-06,0.21123321361876957,4.751314691781925,10.947550516890898,-1.6677969625342954
2000-02-07,-1.3837833255705292,4.070584078746434,12.790725427176422,-1.1676312128448192
2000-02-08,-1.6911474546277299,3.1731278539677548,14.476798852910042,1.098808397953992
2000-02-09,-3.8789213386583627,2.913623494599918,13.186785377754706,2.7750411734188534
2000-02-10,-4.5327335836140294,3.616272569573636,14.118756225184464,5.434748970677914
2000-02-11,-6.981064866311888,4.616550468590244,14.199906048602724,3.7585795158172957
2000-02-12,-6.439781298039773,4.372149020324812,12.630460678785118,3.470625212334891
2000-02-13,-5.6730666201535165,4.074686679214105,14.416413970320553,4.296962321149118
2000-02-14,-5.917149617966611,4.830736168053848,13.982237804192602,3.2302746736678403
2000-02-15,-6.739868078192059,5.89493753118782,14.336921817920585,0.6106622126136534
2000-02-16,-7.750494700658722,7.18376860035071,14.23687530614848,0.6943418258278892
2000-02-17,-6.338308457062086,7.8403333374769195,16.565332511677955,-0.16127882319033826
2000-02-18,-7.089474224320653,8.116762956857503,16.87875103036684,-0.27458801861528687
2000-02-19,-7.6093906078348645,8.953272877501572,14.529996559838649,-1.2818613099569613
2000-02-20,-7.90517645096385,8.765152894649153,16.33211605674934,-2.4563595396522
2000-02-21,-5.576670484722955,8.329646649322257,16.591649302664553,-1.546541049438278
2000-02-22,-7.6209992717132335,8.74374467493752,18.46906350666702,-1.7559746934738085
2000-02-23,-6.399792224537514,7.455251052842794,19.28905721969522,-0.6717317260234064
2000-02-24,-5.199305643450259,7.244011734958336,19.05065472673198,-0.7212854857113615
2000-02-25,-5.26380773580738,7.12179378446035,19.242679632910225,-0.8741773779465614
2000-02-26,-2.5737986467259897,6.655016796005694,18.767008765057255,-1.4999934781215054
2000-02-27,-2.7571546484205327,4.320421322258252,19.255926777736285,-1.4914151974156706
2000-02-28,-4.51365255990825,4.491972015224034,21.215786758019895,-0.13117472266446528
2000-02-29,-5.007436909477447,4.039310539845178,22.240531378235875,0.49282705682995986
2000-03-01,-4.857755673795436,4.068714669481959,21.104082588470845,-1.448880762464266
2000-03-02,-4.703648284265088,4.905086241586189,20.084502494917974,-0.7197739944763486
2000-03-03,-4.994808346927352,4.2849450311589035,19.611276524748664,-0.3567850762350682
2000-03-04,-5.793729247075857,3.439898026505048,18.847975203120132,-1.5793964714252995
2000-03-05,-6.573694467710341,3.8957566231904983,19.29831754686163,-3.0773730628475677
2000-03-06,-8.160499856545059,4.554518002280318,17.573299039191557,-3.7136402822489893
2000-03-07,-7.933080389615703,4.0651189843761975,18.445044521831296,-4.246322428361558
2000-03-08,-9.052421480143039,3.8240784114674065,19.13452776468633,-4.007775635878483
2000-03-09,-9.438112805522008,2.635622478177609,18.854246909633492,-5.653380702665855
2000-03-10,-9.190502841555926,1.9562908038013127,18.28363502402479,-4.6470617668712615
2000-03-11,-9.966145971126993,2.7608669117940794,16.130078132229325,-3.592190113419452
2000-03-12,-11.657778234872879,3.7958291206032415,16.616771634599107,-3.655796425404312
2000-03-13,-13.041024163513999,3.471783128426136,15.641332980082597,-3.4562095978695138
2000-03-14,-12.966229625822104,4.206481195111513,15.184024621219189,-4.033038905167206
2000-03-15,-11.997858619805179,4.237917249340441,14.141492045410093,-4.777245587377463
2000-03-16,-12.227547332387804,5.036824133793959,14.418359734640685,-5.4187384209414775
2000-03-17,-11.250911621746619,5.660896613376171,15.398887560189108,-4.7823879296295715
2000-03-18,-10.376782662105038,3.969046241874363,15.504246612337628,-6.305974183189857
2000-03-19,-9.931851776288774,4.556881620089125,17.540687794837034,-6.457347339898443
2000-03-20,-11.941625203233786,2.897120326340084,16.322344468407067,-7.749012367555826
2000-03-21,-12.35490362169071,2.0680397817661698,17.83933670847436,-8.067130620048593
2000-03-22,-12.570290495462935,2.071580250574743,17.73370291904291,-7.5387952552310455
2000-03-23,-11.731781221206623,2.6077860981652417,18.470772250720845,-4.863641665566553
2000-03-24,-10.697916158390557,1.4863514100097406,18.02109347562143,-3.845866149631201
2000-03-25,-11.480488796794734,2.3508286294682916,18.521573849928995,-3.3705686621791937
2000-03-26,-10.51606844438771,1.7721940377251917,19.070467519478594,-3.261809755900961
2000-03-27,-11.18344156205218,1.5921519429826059,19.78096059656004,-4.983705148475215
2000-03-28,-10.21788623617176,2.4763924265480686,19.856977080561798,-4.7831786204515545
2000-03-29,-10.817683414610773,2.1624525911152066,20.066148925503388,-5.851723429412488
2000-03-30,-11.031195699379186,3.834163150751886,19.97378117088256,-5.3820465540972755
2000-03-31,-12.196270240574226,3.3549340993154684,19.26548541304909,-5.351365686857514
2000-04-01,-12.396392163479483,3.3433697659379282,19.438242233989453,-4.251644960727404
2000-04-02,-10.206012288816456,2.2619970922068404,18.082385528043105,-5.373886942107701
2000-04-03,-9.35632533188354,2.461213059876146,15.9267362404274,-6.3374620057145865
2000-04-04,-10.312080162034217,0.9227610643140454,17.71841864590943,-7.109761169508807
2000-04-05,-10.146016585174713,0.27964188022907444,19.235183136527514,-6.140561440682776
2000-04-06,-11.993556452730349,0.2740166149165088,19.605842934499275,-6.515265013836566
2000-04-07,-11.479014839901645,-1.0694922113023622,20.003429587283147,-7.275384007102637
2000-04-08,-10.084810839364517,-2.6647647300823794,19.89421834570866,-7.197368608882474
2000-04-09,-10.55347439158284,-2.6097409769561857,20.669028683453103,-7.549398509517185
2000-04-10,-10.901068265676878,-0.651787021605736,20.90005877159331,-6.89770786172337
2000-04-11,-10.30714689409382,0.14941773399651825,22.01887822704609,-6.164045204866525
2000-04-12,-11.43125346850161,0.8283981517689349,21.91635802616935,-4.6875367571052005
2000-04-13,-10.571790366464866,2.947937995534504,21.737205837173796,-6.296975516293391
2000-04-14,-10.190635948370511,1.1167719685612731,19.61603449599893,-7.998669128811635
2000-04-15,-9.674892340591391,1.249270048906535,20.53549822573214,-7.684984913373208
2000-04-16,-10.752268505292221,0.6416924239695697,21.571322990067745,-9.028464881363348
2000-04-17,-9.360477206625058,1.1996513355415983,19.709367590321435,-9.454833943690323
2000-04-18,-9.489833919807811,1.1881178461021498,18.418146804782992,-9.909254351367245
2000-04-19,-9.142803522889345,2.108662548325122,18.885952093765013,-10.2674573463922
2000-04-20,-8.901603890253785,2.5597048535785123,20.40099959976947,-8.600348834853724
2000-04-21,-8.756405623055816,1.3777782375863836,19.169616807313105,-8.251473782175
2000-04-22,-6.882700988500519,-0.6938276781263149,20.348052437298854,-9.809298512161206
2000-04-23,-6.617621700449801,-1.7934905860672818,19.966857384879287,-8.967767049129261
2000-04-24,-7.532917364862265,-3.756951976870079,22.912104715223606,-8.882478069391771
2000-04-25,-6.582999493162245,-3.969210569752702,24.388395341112684,-9.897555345968897
2000-04-26,-6.338133199593987,-3.8620983234219985,24.528775211522703,-10.342971974335894
2000-04-27,-6.474973905539485,-3.402275129752487,23.94428115930734,-10.297293183897503
2000-04-28,-6.0218795863992085,-4.745143026701671,25.016535864633255,-10.20310629618971
2000-04-29,-6.324577961857511,-5.1545723479260985,25.315546270220704,-10.394704486595026
2000-04-30,-6.378383203371321,-5.804293443398717,24.906785172931016,-11.443710119131726
2000-05-01,-5.649311929212692,-5.117332455258503,24.116592239653965,-11.145070929924291
2000-05-02,-4.352184944742572,-4.851976638477123,25.359523028006674,-12.236806994336373
2000-05-03,-4.017726963134228,-5.562363917124774,25.0505016944718,-13.59039691131434
2000-05-04,-3.5440374765374427,-5.898456299926163,26.145795607615653,-15.014435408008511
2000-05-05,-2.381905820094814,-5.474395652752618,27.416899818279045,-13.87284728138083
2000-05-06,-2.711187962861129,-2.629692863669225,24.93810381300261,-13.317794487224438
2000-05-07,-2.735858854629267,-1.7774535058105594,25.613881383012764,-12.033936920931872
2000-05-08,-2.8453361131657813,-1.6687380634888183,26.246802003891613,-12.276876086656149
2000-05-09,-2.1048940631906,-0.04242728258732509,26.8931753145461,-13.510085913159596
2000-05-10,-3.270976436259641,-0.4025797489373641,27.59095898401725,-14.450714155734492
2000-05-11,-3.6043982921206217,-1.721303715102577,26.833614596876597,-17.221248400482967
2000-05-12,-2.901663325571955,-1.8776097184960039,26.229757821690196,-17.85064132554495
2000-05-13,-3.7597364666935595,-1.3916306816778177,24.719414254389026,-17.739741018077105
2000-05-14,-5.347730475710333,-2.2701661369128963,26.45026327740413,-17.876816587869687
2000-05-15,-5.883773525076863,-2.4654955360504336,24.98885303536618,-17.162875980222953
2000-05-16,-5.515011679934789,-1.632375216857537,25.508302237807136,-17.636499568326023
2000-05-17,-6.393483268344092,-0.20253682894146618,25.75475170300093,-17.324808514769444
2000-05-18,-5.399893606106912,1.3063134086840777,26.954928433746765,-18.43153416383643
2000-05-19,-4.726473628302628,0.8715952481349447,27.157730828360712,-19.049330091253843
2000-05-20,-5.285880017960416,1.702058716666384,26.720611379493207,-18.19273073635236
2000-05-21,-4.618027800532365,1.978491604282428,26.41240432349822,-16.277888897247063
2000-05-22,-5.404180434746046,1.490203903147938,25.27695722747088,-16.373564506253697
2000-05-23,-6.122759485166516,2.7552205783563624,25.432061457038063,-15.065884540725891
2000-05-24,-5.81424872910104,4.63474738211572,25.041721972343677,-14.227762446438053
2000-05-25,-5.908933785272885,4.6988031986484495,25.155291000961785,-16.04378323522255
2000-05-26,-5.5886148300404335,5.22437394337347,24.654871117614235,-14.383182174228397
2000-05-27,-5.822461170960103,5.579962670938105,25.198348143139945,-14.19341150784025
2000-05-28,-6.8491291978929345,4.784840516073577,24.670392457370063,-13.71244259572776
2000-05-29,-5.600177550399401,3.3005504582247447,26.231289324400393,-13.879066613243516
2000-05-30,-6.327114393650537,3.336287562659934,25.574197978480658,-13.672160655077734
2000-05-31,-5.497110612696558,2.1566212917858456,24.731985000631934,-13.013683830445585
2000-06-01,-5.86279426145128,5.272338101948067,26.47057768596709,-14.75793404732259
2000-06-02,-3.970902077658163,5.2131821821641156,26.598575267021342,-13.166889048564393
2000-06-03,-3.7845459565316713,3.8353779171852924,27.25026228491855,-13.34737552041377
2000-06-04,-3.631174464096678,3.285452152209996,27.49413147440752,-13.812814344909752
2000-06-05,-2.4958942667365864,1.9593582111022898,27.229093037705567,-12.079521878187226
2000-06-06,-2.7443678186584477,2.1159674332285676,26.163432540597245,-14.541849697743634
2000-06-07,-2.638715109987033,2.632434404228382,26.74185981793426,-14.354870749393065
2000-06-08,-2.314320599927426,2.1013346409856073,27.46545113908431,-14.324738493352871
2000-06-09,-2.3807102142180008,0.38817623912539356,28.194225084417546,-13.596071114402857
2000-06-10,-3.277902212729774,1.2582751927262454,29.51105129724505,-13.440207125662436
2000-06-11,-3.3467938565872597,-0.3038019041653921,28.52498249364841,-11.927755855818576
2000-06-12,-5.120039949020911,-1.2981265091202119,29.279635699462016,-11.227945545484427
2000-06-13,-3.900866640214766,-1.191735035866761,27.490326661025737,-11.567387690299181
2000-06-14,-4.050744541759453,-0.8888008993332228,27.28130489466838,-11.896211231139104
2000-06-15,-3.0636567694406995,0.2955441483822203,25.859147317745204,-12.726566210945819
2000-06-16,-3.2261639770235813,3.326541104280135,26.452778049916375,-12.365228900800142
2000-06-17,-2.858933131958408,2.8705483100497116,26.140250401697795,-11.572285897205978
2000-06-18,-3.274640924162306,1.6619614378318466,26.317701715088717,-11.148948000060484
2000-06-19,-4.992824950591298,2.196586164031301,26.88805812805709,-10.896503285698117
2000-06-20,-4.2810886658606995,2.8037332014624874,28.28609072983894,-10.292019797130218
2000-06-21,-3.6757565121374727,0.00013959082974634995,27.88769516337994,-10.913681625644363
2000-06-22,-3.4110635016873063,-0.09589506628190521,28.278654865499547,-11.471210753712295
2000-06-23,-3.3424138639167538,-1.3885273169021743,28.632729782402762,-12.372620603864004
2000-06-24,-2.663899757339639,-1.8918716477509674,28.552769341287725,-12.123230923169107
2000-06-25,-3.436222333917424,-2.8106521808318456,29.134242269632463,-13.957555730561525
2000-06-26,-3.8658348086701397,-1.0342039070769575,30.62123676255945,-14.440337514919879
2000-06-27,-3.3451452628516813,-0.7405277756182245,30.144340304345537,-13.80555285577197
2000-06-28,-4.9741702603799585,-2.8073780016506453,31.330948798241337,-14.509772821318066
2000-06-29,-5.125977518938985,-3.687187599001963,30.734489986637236,-15.613672279008213
2000-06-30,-5.9800229589289025,-2.6083577541940794,29.394795977091487,-15.806326420128965
2000-07-01,-6.788910618800394,-2.1035215253496333,29.808343398836126,-13.042568756982067
2000-07-02,-7.9519258037511324,-3.8140920521650945,29.953087567126673,-12.866660390894227
2000-07-03,-7.7579230180777365,-2.3565843324289957,28.157387018162325,-11.031713179935064
2000-07-04,-8.703999163940955,-0.6522416327021952,28.08509257139818,-8.133872289266254
2000-07-05,-8.493604357616167,-1.0918788520416318,28.43150712549863,-8.295962272220896
2000-07-06,-6.900615862992873,0.14997949316522474,27.232880430053296,-10.145502348728165
2000-07-07,-7.541889669349382,-0.873478325769742,27.17885832519137,-10.5822811277095
2000-07-08,-8.014599795337531,-1.2347041909289855,27.297647305532134,-10.07752521884588
2000-07-09,-7.313986454951411,-2.23002559011075,26.583258746562148,-9.092497837080547
2000-07-10,-8.204335054029865,-1.2191384474502331,27.611016947919275,-8.24066102277716
2000-07-11,-8.503818659247843,-0.9095296734727355,28.343772961805648,-7.455174413475302
2000-07-12,-10.289617466507899,1.6737700731392398,28.04714263692095,-8.105731538135714
2000-07-13,-9.534723455394563,3.9745947069587446,28.23088504650979,-8.563172701168956
2000-07-14,-9.35358499383808,2.195708443116426,28.576922504541894,-7.368623073479569
2000-07-15,-9.960144907342112,0.7251356993584714,30.037724084578603,-7.1529780963886695
2000-07-16,-11.734124608571413,0.4691223555503782,30.002854015912135,-7.998528193445644
2000-07-17,-11.231996489619883,1.1183426189903691,30.505733008486775,-8.336175467751504
2000-07-18,-13.009605497369533,1.2037765808362737,31.785298097129647,-8.100249646736742
2000-07-19,-12.237952091828554,0.801777311994244,32.25404851507165,-8.813328577338595
2000-07-20,-11.35655861652951,0.6940295936319042,32.200448201312724,-9.1796915393995
2000-07-21,-10.89377784296067,2.5974628938670605,30.522866276846923,-7.98244981456802
2000-07-22,-12.482115153536373,1.408357036875715,30.669478355845133,-8.02252145805418
2000-07-23,-13.122069499879895,1.6424747840685445,30.63791668024875,-8.18461385300562
2000-07-24,-12.575538575482405,2.5315345358493944,30.01728713190022,-8.563999556771089
2000-07-25,-14.725107497453207,3.288459475260277,28.976367234346256,-10.517555285550586
2000-07-26,-12.348430254016693,2.713350073267525,30.41772712836086,-9.734679289344225
2000-07-27,-12.587355661616407,2.5325313764960833,30.06939563884237,-9.22212490475809
2000-07-28,-11.342639882320885,2.336202735108677,30.721153589328374,-9.01796805239235
2000-07-29,-11.741468626641632,3.3451210757065932,29.818962418110246,-10.308286969147124
2000-07-30,-11.97006402399467,3.177379240073077,29.619577428307007,-10.614907050633876
2000-07-31,-11.987595776514576,3.7754439010920593,30.93118043776837,-11.265699536655713
2000-08-01,-10.856867390117337,3.050965396358169,31.130683841505665,-11.142343986959133
2000-08-02,-12.037606952732144,4.542382786612489,31.228292741999653,-11.64197643666997
2000-08-03,-10.895298729403486,4.586221108394261,30.466376374736534,-11.053993426667962
2000-08-04,-10.335714612551492,5.209307713196052,30.74890242885543,-11.84396700304018
2000-08-05,-10.200254453765393,5.911300757720582,31.176559451123666,-10.4303784570402
2000-08-06,-8.531863906678918,4.215940900308998,32.19740943219089,-11.284885304406224
2000-08-07,-9.234707005278825,3.2818615744470767,30.77972943495999,-10.690774293382981
2000-08-08,-9.675748775444566,2.929782011924838,29.765406801618916,-11.332072918187878
2000-08-09,-8.64201298561064,2.193472538914917,29.91612753566575,-10.83776787599109
2000-08-10,-8.763854955758145,1.0443089966401766,29.75379674425585,-10.792495469585976
2000-08-11,-7.280788197430859,0.5242582060478925,28.93278917946205,-10.034685956573005
2000-08-12,-8.019759247575788,1.1977186669942772,28.008923228178094,-11.50405245408216
2000-08-13,-9.549351016232817,0.8496002974625156,26.906472517457768,-10.49057374151584
2000-08-14,-9.165340074282232,0.24641432915291517,27.142358173806766,-10.108469738160963
2000-08-15,-9.985954661874716,-0.021964626550098842,26.967906595952655,-10.828877772226553
2000-08-16,-10.530623594454685,0.04741155622319661,25.824289988827708,-10.579436098202379
2000-08-17,-12.541660408661604,0.16685099091550243,25.36577995922087,-11.513846246151239
2000-08-18,-12.753135890758566,0.2158289461893957,25.923290994063517,-10.497421078446498
2000-08-19,-11.964250315946401,-0.08564997585435752,24.558050111909072,-11.116790859712152
2000-08-20,-12.636178148219036,-2.336207228632152,22.412481082277896,-10.182746513732571
2000-08-21,-12.762340356316788,-1.8685524155165836,22.649988904560555,-10.914584244288418
2000-08-22,-13.380540146920383,-1.6183819665197325,23.288594082742776,-10.907270653880053
2000-08-23,-13.988824698493364,-0.8731821454135354,23.36461585189757,-11.709952281701602
2000-08-24,-14.76386956395666,-0.4824268516208372,22.712612855250743,-11.248395941579549
2000-08-25,-15.816248521929523,-1.0979867057833008,21.960841731076783,-11.519117121668568
2000-08-26,-15.679909058196113,-0.7674301062365336,22.37742964151155,-11.180122708340685
2000-08-27,-14.95418123468637,-0.7196963250680943,21.39956077620423,-10.514503872737528
2000-08-28,-15.312827042044782,-0.9154378631149707,21.7086092978658,-10.674818962837888
2000-08-29,-16.04092933465929,-1.4772702222305314,20.795621975565833,-9.827758057863349
2000-08-30,-17.3635927668066,-2.1391646601615935,21.813400757941388,-8.50774148188121
2000-08-31,-17.769860661883076,-2.6347597929208844,22.30057662499811,-7.6094801686343985
2000-09-01,-17.599848834372064,-3.134747365012874,21.12393322564522,-8.315296558968209
2000-09-02,-18.741572425150732,-3.199962440484138,19.884996086698198,-7.948089514832177
2000-09-03,-19.729901358873043,-3.1795073254172808,21.559595120273237,-9.680411753216745
2000-09-04,-18.259136576274635,-2.784004837820273,22.515889654483342,-8.297532541053899
2000-09-05,-17.560592135598963,-2.9438224052469413,20.923444356086694,-7.926212353464811
2000-09-06,-16.49465735855462,-2.2171003625859744,20.515318967226886,-7.747170285317644
2000-09-07,-17.924793154296875,-2.5975937998967957,21.191575880679693,-8.151192893784147
2000-09-08,-18.34189244211576,-2.96083239781093,21.556971035414115,-6.256131722307601
2000-09-09,-17.748266996369654,-2.55489234187743,20.80075001783045,-6.255660924487917
2000-09-10,-17.566604149531553,-2.8533907788601542,20.925646508590614,-8.156636785943181
2000-09-11,-17.222032193112288,-1.886311656096622,21.50005940936105,-7.057312608567462
2000-09-12,-16.696884075328413,-3.0468553077218576,21.659632981514825,-9.530685129982377
2000-09-13,-17.89425165585135,-3.1357656205766364,21.791200233189016,-9.252783418284828
2000-09-14,-19.933521976442854,-0.7971215641673259,22.574665887564162,-9.141171739060091
2000-09-15,-19.180210693311185,-0.49590080053629104,22.116889393420305,-9.880252292079595
2000-09-16,-17.856231787894625,-1.6072529390376507,21.91667132457366,-12.028325492451227
2000-09-17,-19.286722901917827,-2.1453304610401345,22.048160251533744,-13.364359755342289
2000-09-18,-21.25745749877709,-1.6484296012719342,22.04922058715059,-14.462456308102755
2000-09-19,-20.919196209447612,-0.4956438515275996,21.721098473832157,-13.727871625650009
2000-09-20,-20.484407266037575,-0.7450048496746996,21.80816898086245,-15.02261977882418
2000-09-21,-21.780513879001166,0.3407862741592821,22.27064313170125,-15.784538172213805
2000-09-22,-20.01156350953179,-1.8929594372374758,20.110169834380493,-17.973691180633626
2000-09-23,-19.529988489137846,-1.9021258763564424,21.287874664806253,-18.82810816987682
2000-09-24,-18.452193335789303,-2.603447359279998,22.692653711514687,-19.095400706255937
2000-09-25,-17.364905107242148,-2.0003169872395037,23.413517850003537,-18.487988426557596
2000-09-26,-15.71621416021855,-1.5208478722551573,24.89496700056859,-18.01923751420621
2000-09-27,-14.705893719504777,-2.830497326086906,23.75060595747533,-19.242655606728704
2000-09-28,-13.346176583591927,-3.2585913916359,23.58758485698331,-21.387763332595608
2000-09-29,-11.946963605202274,-3.28641431344122,22.208876110461595,-23.0356406822718
2000-09-30,-12.568472053694482,-5.558746329010527,20.888215677954694,-24.0912234731967
2000-10-01,-11.567081522474268,-7.198275644057762,20.5574147077892,-23.69443715472105
2000-10-02,-12.63820719034609,-7.11364219450866,21.855040982683974,-24.54760632929236
2000-10-03,-13.601578671838512,-6.024118528619407,21.937994821613263,-24.428352940699607
2000-10-04,-13.139209862132146,-6.96004484462891,22.363065978432342,-22.69723069923971
2000-10-05,-15.399034429066973,-8.041572503733192,22.56231442110671,-23.87514527543201
2000-10-06,-15.032476080476417,-9.401336262733711,21.018670839626626,-24.777183260612343
2000-10-07,-16.634612080382897,-8.409989854006726,21.259098369475776,-24.68341565489783
2000-10-08,-18.1464831376786,-9.29476940660713,23.39227871109164,-25.27461250429168
2000-10-09,-18.00524485425558,-8.849474696674594,22.841647794211468,-25.20968219086102
2000-10-10,-19.05552760633814,-10.168167908285897,21.316616960211913,-27.235828553257477
2000-10-11,-18.75000295985376,-10.942884851377412,21.295651467040607,-26.631538662728662
2000-10-12,-18.88111728452425,-11.094860555032675,21.571230677157835,-24.63779124206903
2000-10-13,-18.790883418085485,-10.827696186853544,20.79310677133456,-25.394758887535644
2000-10-14,-17.947164970910784,-11.391623915096902,21.62495108057427,-25.403969715098984
2000-10-15,-17.243583252087916,-13.31252425784022,22.304242062646175,-25.72854239004101
2000-10-16,-16.603671549071574,-12.711264587952925,20.879252939110117,-25.98843567305136
2000-10-17,-15.205426133885442,-13.008705260285945,20.98160421347882,-28.312589415563735
2000-10-18,-14.320361648625264,-12.756359327883755,21.488660571475936,-29.194391079015745
2000-10-19,-13.820247552238383,-12.336713991156648,22.0401587660274,-29.611665877264677
2000-10-20,-14.153168413046005,-11.369679279131955,23.240647039494213,-29.799670138880145
2000-10-21,-14.925571747696996,-10.734192616766364,23.602291144473384,-29.838483835750502
2000-10-22,-14.315842473478533,-11.301100885969424,22.147419970439138,-31.27839640658091
2000-10-23,-14.12795707446211,-10.604001152063574,22.77832468838807,-32.645336643825104
2000-10-24,-14.260854831729935,-9.93030818441893,21.321425587286537,-32.80007898688179
2000-10-25,-13.996728480156433,-9.602095426363954,23.915361779506952,-33.10671757188371
2000-10-26,-13.570207172871596,-7.962705378953363,22.804108871484512,-33.75392157738713
2000-10-27,-15.083042371876996,-8.472004272992478,22.838324938515722,-34.312101051886316
2000-10-28,-13.315492158438145,-9.416897653360708,23.38840453608642,-34.96269444032202
2000-10-29,-13.77444706051908,-9.547576684616411,25.036795417373362,-33.90912803225523
2000-10-30,-14.67532033588254,-10.965397973996005,25.73892198502586,-32.7326499734971
2000-10-31,-13.053814252855982,-9.683136618654574,24.616911095217883,-33.81234280157159
2000-11-01,-10.783383679200355,-9.776602748550072,25.805225073328725,-33.87794571909324
2000-11-02,-10.817624770171513,-8.903162092377025,26.72519139440744,-32.95011537871417
2000-11-03,-9.95911928973263,-8.824130620900398,27.358504884535765,-31.400295664164812
2000-11-04,-9.117908550501623,-9.477492324656048,27.431377750909565,-31.069751178672952
2000-11-05,-9.458676526325018,-10.280855337739503,27.177614418135793,-30.354903487775278
2000-11-06,-8.471172791766044,-10.781496022699578,27.295491176385603,-29.95030541325429
2000-11-07,-7.3517961647971735,-10.23173358208592,27.414455512375216,-30.431933090233017
2000-11-08,-8.081930923145592,-10.38821406983284,26.75392455884429,-31.881652223434095
2000-11-09,-8.645203772363262,-8.018787624188224,27.140425469209752,-31.396499045904307
2000-11-10,-8.847079555352494,-7.114734072327073,26.83910295603475,-30.37284237468905
2000-11-11,-9.561916432713565,-7.091764693983594,27.005416979777902,-30.239727125049264
2000-11-12,-10.743961866678191,-7.829271117468053,26.282037457137317,-29.14490841682363
2000-11-13,-9.97436164061463,-7.2483638829370145,25.556364767458035,-29.376130831115365
2000-11-14,-10.153325820198537,-8.601344291565017,25.91768042879024,-28.532635425816768
2000-11-15,-10.392029266795166,-6.9742508242983305,28.225233036273444,-26.84701541062307
2000-11-16,-9.110372938601394,-7.07444735703893,26.279978932138135,-26.799205250979938
2000-11-17,-8.936114486230252,-7.307466269186822,26.435966640454627,-25.91558754855098
2000-11-18,-10.146823007436524,-8.91627551176877,27.1620678870172,-26.588897055847127
2000-11-19,-9.767595782036551,-10.013622950253659,27.671532574557233,-26.405043111402094
2000-11-20,-9.452228344134285,-10.158533491278583,28.82656269990661,-26.991558718455945
2000-11-21,-9.689718135027796,-9.751279084925349,28.027855814427735,-27.76830516987278
2000-11-22,-10.270167448289287,-8.81216319857546,28.70357460530862,-26.780375740724654
2000-11-23,-11.710179882071486,-8.57547162388727,28.779322350178187,-25.76747693743927
2000-11-24,-12.199707346676938,-8.828272015424599,28.807660409033517,-25.849054869811837
2000-11-25,-10.31108973813589,-8.664741491514217,29.82548790599148,-24.75621628266088
2000-11-26,-8.460407475811222,-8.369580945425028,30.124290162521564,-23.596447300631233
2000-11-27,-8.469747221585557,-8.478714600995277,28.933890369683738,-23.203493265868833
2000-11-28,-7.625403632527525,-9.135355920631142,29.40272411851071,-22.320967578710153
2000-11-29,-7.329879737276362,-8.005941248920797,30.005110343956986,-22.56198831806514
2000-11-30,-7.682512935115205,-7.777019233592316,29.588700765195384,-23.169590500654135
2000-12-01,-7.171451817703053,-5.600688992230507,29.613648294895917,-22.36482731464637
2000-12-02,-8.511061667628361,-7.018671537656171,29.10368624065468,-21.281118758892596
2000-12-03,-8.81980316613517,-7.3131321792013475,28.50207224321677,-21.429848206898196
2000-12-04,-10.293335574812255,-6.52753596293509,28.653993486583555,-22.2614516226568
2000-12-05,-10.05628172132656,-7.58244110398111,29.073996630918927,-22.047791737169064
2000-12-06,-9.743568895828032,-10.201767849561755,29.546745711655532,-21.41274541240316
2000-12-07,-11.151772628642334,-11.360545574662092,30.27876784126802,-21.771632880787944
2000-12-08,-10.209423956119418,-12.193228872265607,29.88563074497547,-23.58355870565718
2000-12-09,-11.008696154741637,-10.930890555584751,30.412686072546705,-23.503000526687035
2000-12-10,-12.48986412844264,-9.059901753929552,31.5046473599523,-23.137152807367325
2000-12-11,-12.84568850273852,-9.202752565427836,30.970556013120575,-22.540261314344907
2000-12-12,-12.52081262096923,-10.428110693424488,32.85662551120527,-20.781484876239332
2000-12-13,-11.140493419079899,-10.528142869732752,31.486005839487376,-20.937078767008586
2000-12-14,-11.935373331233185,-12.562060541551691,31.932746246080306,-22.54729942699053
2000-12-15,-12.325121223785956,-12.8426832660787,32.546677051661064,-24.580715393072648
2000-12-16,-11.932454662449544,-13.070164377411631,32.39718855158289,-26.49938153713927
2000-12-17,-12.635651615612375,-13.695179654841102,32.85284499549651,-25.314058821444238
2000-12-18,-13.372667437233002,-13.482086756781687,35.656186274271874,-25.027753971465568
2000-12-19,-12.604777040714275,-13.411411427754173,34.999316894164366,-25.061248550330408
2000-12-20,-13.201753047276346,-12.37579296382367,35.115841010700386,-27.035049343480903
2000-12-21,-14.118620047078451,-12.159780773417125,35.47600657926889,-24.697915682321195
2000-12-22,-13.123049034839894,-13.197854193095967,34.619727669698506,-22.98040751207369
2000-12-23,-14.370439304216465,-12.45575206996981,36.32236019855179,-21.781045744922135
2000-12-24,-13.217760924064054,-12.67078180730476,37.1817057143594,-22.892746718068043
2000-12-25,-12.419768355232462,-12.096085530860416,37.068002607552685,-21.94276378150158
2000-12-26,-11.476707209613354,-11.543313163457034,37.87404029517846,-19.885037656473948
2000-12-27,-10.855405544788722,-11.831874001536866,37.823740580063145,-20.80620192430148
2000-12-28,-11.093570619175887,-11.777869775373983,37.57343840594806,-20.06897583680869
2000-12-29,-11.308360269973848,-13.42293300696265,36.145812694728995,-19.472417611939377
2000-12-30,-10.769500418225904,-16.313445850010197,37.559786539306494,-19.776482018031288
2000-12-31,-12.120908438599983,-16.65351842680689,37.70025870745601,-21.412847735695113
2001-01-01,-13.504394066445208,-15.15428089376932,37.95453373271988,-22.48053500247395
2001-01-02,-14.846916493015561,-14.36776761041032,37.82554311963467,-20.584050397957444
2001-01-03,-13.320338166809268,-13.636390592346826,36.81547401425972,-19.4320828148016
2001-01-04,-12.685623076020416,-14.123445176118157,37.71248488448076,-19.275387614195676
2001-01-05,-11.165275818522986,-12.400539548812144,36.213368715220625,-19.642024303401186
2001-01-06,-10.440605629172005,-12.380809834870337,37.270175866663386,-17.786361939729748
2001-01-07,-12.124835314680322,-12.40562292399905,39.17010898622844,-16.622560753043924
2001-01-08,-11.496084269191254,-13.603618595454936,40.03120100975664,-15.7200710286442
2001-01-09,-11.212415003339544,-11.734668021702113,39.34553157317086,-15.948355522527798
2001-01-10,-12.75666057454207,-12.696653553245685,38.00468900702664,-16.15269562309119
2001-01-11,-12.327870904671839,-11.772163810454796,38.509176836040055,-16.26424168832202
2001-01-12,-11.471032895069849,-11.404111565091217,38.25702464017413,-15.012513364792422
2001-01-13,-11.245508512137325,-12.103609874152422,39.94860601115794,-15.108404204291261
2001-01-14,-9.251443094790964,-12.821587243383036,39.16567653106837,-16.513539020364462
2001-01-15,-8.259499828597626,-12.652654561132378,39.339492660677806,-15.286526772863686
2001-01-16,-8.354344456013283,-13.664844506402138,37.94631868751223,-16.0241085064615
2001-01-17,-9.715416522007166,-13.947265129613674,38.38508141753163,-16.564576389570945
2001-01-18,-8.711413151831614,-13.777424092124626,39.46497291686781,-15.473369308585907
2001-01-19,-8.58999722262172,-13.189431026214578,38.533827407567955,-13.559270210837827
2001-01-20,-8.125276535404224,-15.30769083725534,38.66034526360838,-13.053487583944984
2001-01-21,-7.486053433190767,-15.656432701334671,38.75461867456106,-11.909028727009204
2001-01-22,-6.335506787852655,-15.336966597327313,38.52117919423975,-11.328399464559338
2001-01-23,-5.728422764967327,-16.00159598673253,38.93471304493097,-9.779524907600427
2001-01-24,-6.184256715998082,-16.41809660482167,38.64275532530069,-9.93273037533266
2001-01-25,-6.758451718777443,-15.98930665119803,38.75807155675078,-10.280106956638845
2001-01-26,-7.527258272675912,-16.907445497617772,39.07018072806982,-10.969206903577119
2001-01-27,-7.10337666018851,-14.910977748389113,38.48530222941117,-12.337281814435336
2001-01-28,-6.110682028292416,-14.664929563021106,39.63894606055585,-10.886761222651428
2001-01-29,-7.336935977625065,-16.547239936464873,38.50073084727322,-10.482735063149631
2001-01-30,-8.436458792442442,-16.768343285390884,39.91271847368596,-11.860686585442071
2001-01-31,-9.781912394890961,-18.2867696777775,40.24360023829232,-11.441209589725409
2001-02-01,-9.239271651392267,-19.115133461747337,39.28303571102707,-10.000959874737589
2001-02-02,-9.950413575351673,-17.54693116918756,38.93491017259889,-8.754519624913538
2001-02-03,-8.046814098865749,-18.740643632765966,39.035224828217956,-9.925031312856701
2001-02-04,-6.842871372439149,-18.078118226924474,39.834696983580976,-10.988586026658105
2001-02-05,-7.087562057427321,-17.395504054274767,40.34205809461928,-12.267037268494965
2001-02-06,-8.89050189151096,-20.191911367218662,41.239069859575544,-12.002479865708082
2001-02-07,-7.327302247996226,-19.31439770076778,40.006945564241164,-12.665795814247677
2001-02-08,-8.509270420259384,-18.78506102193615,38.92999591708807,-13.03452065797747
2001-02-09,-9.224130066923014,-18.304683241811478,38.94778593028995,-13.08922717875046
2001-02-10,-9.017305664801698,-17.902043456821772,39.13717158050472,-11.87273001532982
2001-02-11,-10.012746722277091,-18.742330481243307,38.986991700763646,-10.63294458118943
2001-02-12,-10.05842738078879,-18.73832806621051,41.410963858246646,-10.713697197781912
2001-02-13,-10.284919222323031,-19.271692146997808,42.78377822885485,-10.364436308102357
2001-02-14,-11.90539891065134,-19.021646687603674,43.66706420638319,-11.620792395017235
2001-02-15,-13.162693443796586,-19.551061123214307,44.09049950210284,-11.732502148163363
2001-02-16,-13.02088166171816,-19.310498985874645,45.75921469030793,-10.147548856011895
2001-02-17,-13.136617648120424,-19.192549906688814,46.36029928337089,-11.318958825905082
2001-02-18,-13.249834615398578,-18.869690968885948,46.62412000975852,-10.877592439027573
2001-02-19,-12.095140133417706,-18.33964106902754,48.866486236818446,-11.948230242120713
2001-02-20,-14.539458816453584,-18.12640800076198,49.46659928590187,-11.347530812610774
2001-02-21,-16.853834672288226,-20.23422100632405,49.24798906249946,-12.765599504601607
2001-02-22,-16.38387717658363,-19.90328502043906,49.70924633511771,-12.097279115601083
2001-02-23,-17.8402610369891,-20.31611750198236,47.574097257793056,-12.050033269994712
2001-02-24,-18.27489467217567,-21.748755425326973,49.269257037122316,-11.051539367357307
2001-02-25,-18.81738577598206,-22.36582676370551,49.569690251723365,-10.313698404483867
2001-02-26,-19.323264713865818,-21.739427699563638,48.38668014437668,-11.245156162623921
2001-02-27,-20.8053916220034,-21.610697508434765,46.769310571390506,-12.712535757203495
2001-02-28,-19.908347542853566,-22.930556516450416,47.98497437253086,-10.86625068289867
2001-03-01,-20.461601885603756,-22.34755265811114,47.42582459439361,-9.748913332366453
2001-03-02,-18.64827812983074,-22.40789067005263,47.03635008189878,-9.389484943607567
2001-03-03,-18.009882237499774,-23.444371779475606,47.361610445062695,-10.182808525952678
2001-03-04,-18.463979870827792,-23.1465469813869,47.76305778129654,-11.175372720390564
2001-03-05,-16.389817593577046,-24.03410893189799,47.10752414498013,-11.297858971250482
2001-03-06,-16.09424004517411,-23.394981693241018,47.47661425193189,-10.749300336751899
2001-03-07,-14.742971094056447,-23.24568248163951,49.072133345179274,-11.017004675711837
2001-03-08,-15.98940506411946,-23.78548594998308,50.08439553559925,-10.225487061581756
2001-03-09,-16.43073122402955,-23.389425653941185,51.35512524221541,-10.552850353450292
2001-03-10,-16.23258053967943,-22.976527842157424,50.14944976041842,-10.928639011357635
2001-03-11,-14.697274803310297,-22.62416130860303,49.1455969900653,-10.090408388374367
2001-03-12,-13.324912030444919,-23.708631215088985,49.67736478063116,-9.24366736938131
2001-03-13,-13.729122180111984,-23.45010255671833,50.18226607407093,-10.554118214155618
2001-03-14,-14.297775355830831,-22.53994093816348,51.503481425638114,-8.737695839965992
2001-03-15,-13.733429066565602,-22.567281149033118,51.40920816595951,-8.622570155880709
2001-03-16,-14.552902491787755,-22.186446950306685,51.83394267228671,-9.839394126066532
2001-03-17,-13.627222236121717,-21.49252151663809,52.12730560407553,-10.45284055032935
2001-03-18,-14.955685288768436,-21.670202896081694,53.31097588258457,-11.555885745846538
2001-03-19,-15.687540242551593,-22.59704766696416,52.45718692803483,-9.892034107959764
2001-03-20,-15.38899604828299,-21.837228012488783,51.27008427074502,-11.677158339161599
2001-03-21,-15.662704071519407,-20.20719520836782,50.387947188292735,-11.402124411041498
2001-03-22,-17.414348003497825,-21.74821642202888,51.19797767915481,-12.473579634163135
2001-03-23,-16.827834305540545,-22.288404113033913,51.37871232949959,-12.233619170778411
2001-03-24,-16.462449201420824,-23.225405946108502,50.78138578041229,-11.589641598417336
2001-03-25,-18.727663364464824,-24.311721938112907,50.56777331958185,-12.114068619623533
2001-03-26,-19.290574786013803,-22.99888415758499,49.49400453943962,-10.448915639517027
2001-03-27,-18.80867912248188,-22.981563720503217,49.45659704684288,-11.487247842925155
2001-03-28,-17.87189836758279,-23.685582981979163,48.568031901622575,-11.532013485978867
2001-03-29,-19.31060349937465,-24.007202566849926,49.32726825354548,-12.974582172523194
2001-03-30,-19.457647530260104,-24.506194904797333,49.60495793582078,-14.603927532770795
2001-03-31,-17.535471348438207,-24.709919444894172,49.246714315553284,-15.22117446045919
2001-04-01,-18.31095158163714,-25.416364403357015,48.056426714267346,-14.87599126192183
2001-04-02,-19.999332399032753,-22.500268634726865,48.483650225663055,-14.113564471727543
2001-04-03,-21.18061600703219,-21.77968872891609,49.59046293735946,-13.562278372028723
2001-04-04,-20.25413860619323,-22.968260822083227,50.338649927652064,-13.783051772320023
2001-04-05,-21.53340664550391,-23.243795263298164,51.372344100481804,-13.578501959763251
2001-04-06,-21.64262218154719,-24.366973640923725,53.42296573082346,-13.103584496752928
2001-04-07,-21.795918360628843,-24.125752651581752,54.743042595064516,-12.5462710906292
2001-04-08,-21.006334506113006,-22.129206154255627,57.72280430706925,-11.736459178666378
2001-04-09,-20.686492918804362,-21.601074021747788,58.99229191457898,-11.804361938586652
2001-04-10,-20.557998687259822,-22.228643128006023,58.64489883516588,-12.499330574578167
2001-04-11,-20.07519348701614,-20.623703126461756,59.26620015182952,-14.072452455484619
2001-04-12,-21.236616403823376,-21.803009251186886,60.22767132904939,-13.598468640601405
2001-04-13,-22.381959282952334,-20.87062238967087,58.862233389097184,-13.574352926150556
2001-04-14,-21.96981948221449,-19.512395012680795,59.01520476830256,-14.240277462669665
2001-04-15,-22.2964025245031,-20.294145821883674,59.46208263544364,-15.992658023288024
2001-04-16,-21.98785464275101,-20.39543087624136,59.0589624676959,-16.233856524734332
2001-04-17,-22.22797971741563,-20.89420596889412,58.76847797883101,-16.496269081449732
2001-04-18,-23.755447168460332,-21.729088491734007,58.95142588329825,-16.096250728449192
2001-04-19,-22.444391933880066,-20.983280262386874,58.493311697420474,-16.57574072727363
2001-04-20,-22.177578927040976,-21.20622106369306,59.440349158123375,-15.316286398833629
2001-04-21,-21.30618737022894,-19.614223064800225,59.250922415257925,-15.056451697738183
2001-04-22,-21.486152973312286,-20.49886820121947,58.5326631162584,-15.821644676054605
2001-04-23,-20.89726506657501,-21.117301964054196,57.92661736118707,-16.67225148156002
2001-04-24,-21.541489469516748,-22.968909523161464,58.19772958311372,-17.037330908455136
2001-04-25,-22.060399699722044,-22.75872059959413,58.78976690098844,-16.683773194956625
2001-04-26,-22.831767219898367,-22.820073849342574,59.181600265982155,-16.749501744661718
2001-04-27,-21.955196730263847,-22.651484639962728,59.0297056566788,-16.071221285087553
2001-04-28,-22.178928978895513,-23.731225570232915,59.178894416472765,-16.690925253736637
2001-04-29,-22.4594259041605,-24.294570176430696,58.84636523285707,-18.153434886160124
2001-04-30,-21.06136484966946,-24.40725724151204,58.56464082470487,-19.07890279737914
2001-05-01,-20.900345277992773,-21.399778584985437,57.37641271638216,-17.573001500747402
2001-05-02,-23.233068484570325,-21.024461262952784,57.16258224928561,-17.36969229627837
2001-05-03,-20.78941315861715,-20.46954521118046,56.83496697460722,-16.659649021617632
2001-05-04,-20.394707491634655,-20.36372147838669,57.11569401239381,-17.748826384144202
2001-05-05,-21.399436151942655,-20.97615279387793,58.63260883269419,-16.237617425504542
2001-05-06,-21.338410990627438,-20.54653489714389,56.57692222916867,-14.802758054433747
2001-05-07,-21.75180541663985,-20.50391417988325,56.222441041977746,-16.141970278945863
2001-05-08,-22.393941656999957,-20.68486895748205,55.55201714607535,-16.50914594901136
2001-05-09,-21.006853916902013,-20.947376287886758,54.464598289616035,-16.803688323127595
2001-05-10,-19.765425729444853,-20.958023601889828,53.97896799381614,-18.165138631921625
2001-05-11,-19.907961834269603,-21.425836080892925,54.66428650446941,-18.893693822022396
2001-05-12,-18.994551840340684,-19.995093897245916,55.74384248567993,-17.633864741503373
2001-05-13,-20.488078723188792,-19.954857162239257,56.14380446244905,-17.81924903943922
2001-05-14,-22.405122272515136,-20.28105144798669,54.87680738857527,-16.804541220977246
2001-05-15,-25.2365786312859,-20.540379146808203,53.845095190124425,-16.814377519946788
2001-05-16,-23.80656184039311,-18.553799998733982,54.48340383302052,-17.44663243206225
2001-05-17,-23.896892851226568,-17.60682592011455,53.86638643413574,-17.091645779162928
2001-05-18,-25.011472185230403,-17.29968893350121,53.24675050931653,-16.519505583839887
2001-05-19,-24.44432740860432,-17.065213741109268,54.02253536580917,-17.94582710992867
2001-05-20,-25.99084529134123,-18.03055393407076,53.01150312821784,-18.447530515410307
2001-05-21,-28.236153658141763,-17.92027750112157,56.08513179306004,-17.64902858104411
2001-05-22,-27.881091849408755,-17.70604819204266,54.16091123072657,-18.27587160796382
2001-05-23,-29.588045203480032,-16.942298948103108,52.71936904215799,-16.346351622115815
2001-05-24,-28.633224291355862,-17.714021267007844,51.67045954677283,-18.978324021904847
2001-05-25,-28.53253556920499,-18.244076506172355,50.33961085199471,-19.793106882066606
2001-05-26,-30.59685921543791,-18.258845406252473,48.83926684411125,-19.207348542127644
2001-05-27,-30.153846227341482,-20.174028660292784,49.26109117504845,-19.06266556356859
2001-05-28,-31.29469754510231,-19.67782893789327,48.03925219846163,-19.72809364544827
2001-05-29,-30.83829684217651,-18.54195676566064,48.77988841365278,-19.281016292510586
2001-05-30,-31.49433372237548,-18.478410567962758,48.12326360847114,-20.129600843058363
2001-05-31,-31.826746600182446,-19.252591902362713,47.19630494159429,-19.236457635772318
2001-06-01,-32.42532097311244,-18.36080338570098,48.05231087303057,-19.569572410666094
2001-06-02,-34.042036894519136,-18.913845590860337,47.6096119993546,-19.00033403638686
2001-06-03,-32.6119413567127,-19.433193549117384,47.470377314565404,-17.78989035099425
2001-06-04,-32.90927059653935,-19.855092587318566,47.10787786226084,-17.053431247701266
2001-06-05,-32.8249987531779,-20.38453207740981,48.36551687817604,-19.143131848204902
2001-06-06,-34.28495525164794,-21.211741798593586,47.95149213254959,-18.230399842225545
2001-06-07,-32.700449426557554,-23.2570908355627,47.96615909543368,-17.990456060087954
2001-06-08,-33.22573799614604,-22.673471863990677,48.1414733905565,-19.016668727196134
2001-06-09,-32.836843011577415,-21.516206034495635,49.26809893691266,-18.54278783630733
2001-06-10,-33.869088954472126,-21.175908214574388,49.74379417412015,-19.17457903028201
2001-06-11,-32.13121905090637,-21.88370207324773,50.412702005818446,-20.614718409064537
2001-06-12,-31.436401666488315,-21.61031427258583,48.63869613201118,-20.33736529367561
2001-06-13,-30.86217288345878,-23.217472621639303,48.68239339838175,-20.05250909456496
2001-06-14,-30.093196593207995,-25.55324160743565,48.71927568515099,-21.831314815378338
2001-06-15,-28.10290365367685,-24.564239418687116,49.55460277845439,-22.238205019570678
2001-06-16,-28.411671251075006,-25.727643337008292,49.765568950281626,-21.45589404875834
2001-06-17,-27.05059558427124,-26.12812979746747,49.65076359563224,-20.021357300479465
2001-06-18,-27.153398910717087,-28.855870961201145,50.291048735048925,-20.7428357936022
2001-06-19,-27.721988269676604,-29.551849446900835,50.91486820269467,-19.429802671937203
2001-06-20,-27.36746871278087,-30.513418299077127,50.70105479443635,-20.15214061638628
2001-06-21,-26.868886055629172,-30.01053829095826,51.41512314216812,-21.514503420032394
2001-06-22,-26.190691126188888,-30.807046169602806,50.80818246927689,-23.28150130139678
2001-06-23,-26.49614773200584,-31.494960392711793,51.16334281647501,-22.423960380135604
2001-06-24,-25.40606217814494,-31.120395860708115,52.08644161845861,-20.964834854825348
2001-06-25,-25.44998509019366,-29.891461817108226,52.214746490024524,-20.802574169287062
2001-06-26,-26.654763286557095,-30.658456369105615,50.99288113265666,-20.921139938552468
2001-06-27,-27.330600655300376,-30.14825177737311,51.09672612863903,-20.562218311382427
2001-06-28,-27.940916709933553,-30.259844603249487,50.6699342268524,-20.10285370994829
2001-06-29,-29.84780610168527,-30.023025581422125,50.90517757993711,-18.597838581892976
2001-06-30,-29.19008624364692,-27.948164160200882,50.91542608600264,-19.285459943187305
2001-07-01,-30.306641617620816,-28.11993651715833,50.359015029675405,-20.364588460311847
2001-07-02,-29.314435818880867,-28.280405992123548,50.767507812541524,-19.96314481530406
2001-07-03,-29.679323089166832,-28.52596787711955,51.24466150799148,-20.335910682406986
2001-07-04,-29.529634773677767,-28.602588000305555,52.100199557564856,-21.60438394766626
2001-07-05,-32.76607447752795,-26.40025536818051,51.45607664674682,-21.39156341864585
2001-07-06,-33.03997859591962,-26.346854457350975,52.05745361719869,-20.972638040891557
2001-07-07,-33.10257095523756,-26.993717165738552,50.99983605239337,-21.734858991115185
2001-07-08,-32.107297877429865,-27.094690360620348,51.330140397051395,-21.903940808317277
2001-07-09,-33.05773253147386,-27.108162388560338,49.69106537120814,-24.238474682666443
2001-07-10,-31.365744862772395,-26.01807064901317,48.47428470166198,-23.891198690016676
2001-07-11,-33.165435833923176,-26.21864526522261,49.417165553633644,-21.878424937859744
2001-07-12,-33.307457172502,-26.312790569740812,49.58399956279129,-21.342742532837914
2001-07-13,-33.599216411088605,-24.761155958009315,49.60581627914393,-19.91413578479239
2001-07-14,-33.473573449761545,-23.64594784122867,49.2797630370618,-20.142322052190668
2001-07-15,-33.847639558121855,-24.124889369495737,49.05164555154288,-18.7605432772471
2001-07-16,-34.17135691036028,-25.513661197171686,47.5412781989647,-20.11437036649521
2001-07-17,-33.45899197169551,-26.42078900251839,47.42697599391153,-17.765447256059634
2001-07-18,-33.606721944232106,-26.39718707691019,47.415033468568076,-17.060479012266725
2001-07-19,-31.679133137125383,-23.28288612483768,46.020691269367326,-16.30892190457498
2001-07-20,-32.259188879184144,-21.142462977545776,46.49622345173185,-15.978684285741148
2001-07-21,-32.13316479511546,-19.957565588690315,47.883350857622005,-16.055318192115198
2001-07-22,-32.1547806437195,-19.53318243236184,47.60962428076524,-16.11613321133542
2001-07-23,-31.290850950558596,-20.586236552147767,48.83245112914691,-17.13749888673214
2001-07-24,-30.10148292448447,-20.090443834940718,49.875328031843296,-17.20751295588319
2001-07-25,-31.035675054929946,-21.655950112241072,48.61490274524071,-16.099816312972393
2001-07-26,-29.913941459311026,-19.50329094467637,47.31508946905861,-17.86702096340889
2001-07-27,-30.477642521554298,-18.909434700416547,46.5678096101316,-16.79966986223012
2001-07-28,-33.254240687381774,-17.736976468888574,46.02760240119687,-16.02439567327541
2001-07-29,-32.15084828871995,-19.415505003102787,44.5458132880305,-15.899490873457994
2001-07-30,-33.17792238336658,-19.254458615628035,45.51884650551116,-15.722801648263806
2001-07-31,-33.83457752638268,-19.904244195747633,44.69967276104804,-15.242499472013188
2001-08-01,-32.62665404361444,-20.271928133141436,45.99801164343912,-12.33421686626846
2001-08-02,-32.03127339930762,-18.420267555434442,46.96925469608985,-12.819122940116262
2001-08-03,-32.30385004981677,-18.744390767899688,47.72236145598747,-12.149003820005367
2001-08-04,-33.017770052030905,-21.077136130400394,45.9890972619788,-11.36645125838484
2001-08-05,-32.89207321893079,-19.95537116357804,45.780832112821514,-10.86523567869389
2001-08-06,-33.972980632027394,-20.850195018435834,43.671639460471845,-10.986280601219162
2001-08-07,-33.681922603712984,-20.497688647854805,42.00355663978166,-10.359166860808086
2001-08-08,-32.42367226469203,-19.93325033158313,42.253246396886794,-10.919628290269202
2001-08-09,-32.038057773856636,-19.634890336189653,42.95025163958852,-10.873892217707008
2001-08-10,-32.49670851829754,-19.823560724508585,44.17610331833723,-11.156426753323284
2001-08-11,-31.64186297605519,-19.159297856963512,43.4621116313913,-11.031571519762888
2001-08-12,-30.652406100953495,-19.773000261932946,43.557004528514796,-11.665389998291774
2001-08-13,-30.221929116879945,-18.810969821495124,43.43649429607837,-11.263241268430287
2001-08-14,-30.07672399192524,-18.110089997897255,44.13083166076944,-10.404018860477997
2001-08-15,-28.82113160386482,-17.82756907159169,45.05461968381129,-10.57891998219358
2001-08-16,-28.556542450679622,-17.533156761089565,45.893798029702715,-10.20942618589063
2001-08-17,-29.150943740838336,-18.62795847408263,46.017761300183544,-10.41717677315509
2001-08-18,-30.328929902683235,-17.647838594353463,46.874514812982646,-10.282263620030797
2001-08-19,-30.184616124302426,-19.77261650690384,48.50125281557557,-11.061018269619748
2001-08-20,-31.213946590036304,-22.12152921960512,49.46049481700227,-10.501562909802585
2001-08-21,-30.718731332694986,-23.3821837048793,49.843305112507075,-9.246146707254768
2001-08-22,-30.414722837540246,-23.80683053621703,50.51105954864485,-6.859301029210814
2001-08-23,-30.820547509436903,-22.86187008022845,49.55587860879804,-8.361098490200623
2001-08-24,-30.710129595590825,-25.171700129440566,50.79411740606187,-8.452570820959057
2001-08-25,-30.862404305734813,-27.281736008644277,50.493009534810824,-8.666276618753106
2001-08-26,-29.214714354377236,-27.16688608538993,50.05034319527088,-10.116660990437213
2001-08-27,-29.244997484828744,-25.536047843956,50.58345903344572,-11.003191741130031
2001-08-28,-29.10658519567074,-24.654597512813183,50.19456959751401,-11.469625994410636
2001-08-29,-27.517217192950266,-26.785920379755847,49.96334407483404,-12.064503424513353
2001-08-30,-27.860817842374267,-27.38384826209275,50.32025762318508,-13.005390593253079
2001-08-31,-27.975406388317904,-28.072933161980572,49.731354568413934,-14.230154757498056
2001-09-01,-28.527717786331596,-27.889212906232004,49.54995393884272,-15.499095188238783
2001-09-02,-28.83949276619314,-27.632687604226625,48.92910984783393,-18.14682965615795
2001-09-03,-29.66719662524763,-26.9476706022336,49.41478247704604,-18.145622684054345
2001-09-04,-30.61550774737595,-28.753323798053078,48.85548354950717,-18.51871209497694
2001-09-05,-28.156945531390583,-28.64036420574794,48.20655878239608,-18.527906363160373
2001-09-06,-27.560665730296645,-27.446592639088514,48.96723743199608,-18.687554527562423
2001-09-07,-29.604446318131473,-27.809784509487,49.43855801530434,-18.293446562744712
2001-09-08,-28.93932586719982,-29.634801225469094,51.71037189956431,-19.758056652072465
2001-09-09,-29.33113130920583,-29.954121607134827,51.28382205807455,-21.072373696815447
2001-09-10,-28.028281101607124,-29.574352737524478,48.337187527408055,-18.987451091591087
2001-09-11,-27.208622116576173,-30.11069131707431,48.80556114157626,-17.425700344770128
2001-09-12,-27.85611690127244,-31.323345861975543,47.89232887935675,-17.36105061736729
2001-09-13,-25.78858855320825,-31.724734500848257,46.63476870197308,-16.48883066970386
2001-09-14,-25.84765146189708,-30.088627843238516,47.12749931267769,-15.630505840301039
2001-09-15,-25.675807764408287,-30.891174012670245,47.78392030487291,-14.85738728556248
2001-09-16,-25.040210499337025,-30.40661769129811,47.84724118535447,-15.18400486012688
2001-09-17,-26.93033699914191,-28.41342028417369,49.222458838039714,-15.006601442265273
2001-09-18,-25.650215766488635,-30.990608252931008,48.511720764404714,-15.459343534454268
2001-09-19,-26.05224628991546,-31.380645818580998,48.42820290900793,-13.395675198642452
2001-09-20,-26.06390634103939,-30.886646737346027,47.81383549146448,-13.348728548453586
2001-09-21,-26.83076378025489,-29.792572859828542,48.170141372264816,-15.348219637385093
2001-09-22,-27.145963946455794,-29.824829397874677,46.90550204466113,-14.261880256397303
2001-09-23,-26.133073343186865,-29.496158574901084,49.355389643582335,-14.946278122131401
2001-09-24,-25.56898955872506,-28.768150471679757,49.79050110526157,-14.728708695174417
2001-09-25,-27.406329335997253,-28.869543310070778,49.14582732756849,-15.356874705160932
2001-09-26,-30.31177185860059,-29.809384427082414,47.67248746899893,-15.346731783110242
2001-09-27,-29.882273420851625,-31.539932955880495,47.30890716726029,-17.120409920288754
2001-09-28,-30.686231591165573,-32.435021487607116,48.85101922715781,-15.98509541112148
2001-09-29,-29.740257979153558,-32.99062328831593,48.11283174076941,-15.145749369052966
2001-09-30,-29.91262588395949,-34.55560751575679,46.99742899359873,-14.50695558228251
2001-10-01,-31.096599380800566,-34.32172143816342,46.271596063190046,-13.911281756705202
2001-10-02,-29.67509029291806,-33.21785320041363,47.63174800078684,-13.899977199332358
2001-10-03,-30.38231171218628,-33.951191841574335,47.941140946238946,-13.818640582067532
2001-10-04,-29.137307108440375,-34.68338250087361,50.92868321832962,-12.812713392457468
2001-10-05,-28.23440010630053,-33.272419655065896,50.114167136510666,-13.775174107187521
2001-10-06,-26.563235404336073,-33.061572612864694,50.068471583503,-13.101746421471873
2001-10-07,-26.742582555168894,-34.46686133347848,49.68084416618704,-14.705887632179184
2001-10-08,-27.65447048154556,-33.64911141565824,51.173446903935194,-14.919410629952516
2001-10-09,-28.72755190769426,-33.630305493838286,51.07116403108422,-16.7186383357979
2001-10-10,-29.233019090319214,-33.11096645694019,51.099321533412194,-18.9296713345451
2001-10-11,-31.42896088807999,-34.080735999275696,50.599701124187675,-21.04437781237621
2001-10-12,-32.0847024920877,-33.05539870429655,51.36345023309966,-21.353801605314693
2001-10-13,-30.245714323535214,-33.19803086699154,50.075063749450514,-19.83961435423125
2001-10-14,-31.0913799922577,-33.45210655729393,51.18866813804407,-18.80092636150307
2001-10-15,-32.097067597298775,-32.75299630051481,52.82513764481151,-19.400873972979
2001-10-16,-31.894219570414645,-32.53114685927844,53.047615639710976,-18.71390349561272
2001-10-17,-32.61384013212481,-30.31758842390662,53.02276294776353,-18.276152577081728
2001-10-18,-31.718662499830387,-31.55349054893226,52.85883319551363,-16.33940099798758
2001-10-19,-31.74404510840772,-32.94415706434986,52.54568615762389,-16.933280367363096
2001-10-20,-33.36131135549896,-31.957073131758655,53.22584949697903,-16.16243266591608
2001-10-21,-31.76480426275721,-31.581590718068345,52.43116466037979,-16.256199663325756
2001-10-22,-30.24563186634653,-30.120037294251617,53.72863584500398,-16.488514024709907
2001-10-23,-32.20007313093876,-31.782616397344974,53.05183287931298,-18.15380284410864
2001-10-24,-32.098379844563254,-32.70697618859638,50.67348916076756,-17.98080778314496
2001-10-25,-32.86488298538557,-32.374936514585464,50.370872419790615,-18.908591740876638
2001-10-26,-34.10342837713189,-32.85973189924028,49.77703849592712,-20.056157517216956
2001-10-27,-34.16264814574226,-34.21354589100329,48.69749478256445,-20.11279250172905
2001-10-28,-31.76087963483534,-33.93954417014211,47.763349880128715,-19.35755030365843
2001-10-29,-30.90974008679884,-33.86406417940552,47.9701117383249,-20.282818766221272
2001-10-30,-31.624748653458152,-34.0906017442281,49.65846164493392,-19.9993717907997
2001-10-31,-30.255290444603954,-32.86731395230327,49.95371723156595,-18.280545457141564
2001-11-01,-30.897313223049956,-31.861117824046623,49.96393785545153,-17.455787119296723
2001-11-02,-30.90193947959865,-31.738975669183066,50.77162637514983,-17.103527872026127
2001-11-03,-29.56505684549328,-30.926700213627104,50.49050665341574,-17.055905416177488
2001-11-04,-29.07558664941449,-31.26478286134816,51.300511030010775,-17.667316000031875
2001-11-05,-28.394283421279784,-30.77729643141964,51.14841287686612,-17.434176946335842
2001-11-06,-27.835428378045233,-30.801013540650082,51.49162333034447,-18.357263479968488
2001-11-07,-27.61435638911816,-28.69386356756386,51.47289333287275,-18.956311470212935
2001-11-08,-28.57921913606247,-28.131785194071924,51.52347881395016,-17.959071125826124
2001-11-09,-29.518904219061397,-27.78190377470346,50.82978779958024,-16.06457481442125
2001-11-10,-29.823480980448988,-27.246868408423204,52.18722146805842,-15.925633591953034
2001-11-11,-31.094051969252472,-27.791969026243848,52.67710577910594,-16.19865413005721
2001-11-12,-32.490693125779046,-29.72437457317918,54.47627390201941,-16.448233461815594
2001-11-13,-31.829555301652125,-29.779359274548455,53.33905718407038,-16.816257993701505
2001-11-14,-33.14447506042076,-31.391676545334672,53.42658421125447,-16.95658413671403
2001-11-15,-34.479894444877374,-31.67522067484391,53.456029732485916,-18.158707944165055
2001-11-16,-35.674736612207205,-30.78658311673693,52.11194686418675,-19.280047067525068
2001-11-17,-37.428866192648634,-32.25043253223819,52.161759400892244,-18.528679592893283
2001-11-18,-38.031246625586576,-32.262437613676596,52.43943554398129,-18.019880388615952
2001-11-19,-39.7298465145362,-32.46617017443111,54.997836163532135,-18.772718802739785
2001-11-20,-39.140530549137736,-32.193408182129055,54.13616201540431,-18.508123326318753
2001-11-21,-40.4962980346247,-32.43820729548125,54.41348201198123,-17.42160964009736
2001-11-22,-40.19773408067409,-33.67083423972139,54.30609769467802,-17.624024498704053
2001-11-23,-39.247457711684014,-31.16006064992597,52.59794462959559,-16.86348506067871
2001-11-24,-40.71546674890623,-32.7334807371917,50.15530085654664,-16.37326194550527
2001-11-25,-40.73568365810902,-31.823535621006616,49.27650657161492,-15.209512058218369
2001-11-26,-39.92787204507303,-31.71038633745325,50.45053489214198,-14.579296450876205
2001-11-27,-39.566304210699,-30.38595778470139,51.631617886723824,-14.716051048062814
2001-11-28,-38.45241131595748,-30.06264896264969,50.665564554034844,-15.091132072793139
2001-11-29,-39.63382806628127,-29.339494337747556,50.8661792232963,-14.852032010240023
2001-11-30,-40.04107723838997,-29.453822104459604,50.70038186187284,-14.331776958088978
2001-12-01,-39.2149911666126,-28.993106115832546,49.07017295992893,-13.100169045185568
2001-12-02,-38.32693884899652,-29.97620764986543,50.10846144722465,-12.823502048885407
2001-12-03,-37.33638484055016,-28.87036687562835,48.48048702138172,-13.608480740647515
2001-12-04,-35.02600387372563,-29.385728343447425,48.85303806933275,-13.607469501719619
2001-12-05,-34.75623068983585,-29.370950105595394,49.082954050565995,-12.503702138135301
2001-12-06,-35.07346946112867,-30.000959420496667,50.03320939900813,-11.714185609202296
2001-12-07,-35.583962428040635,-30.531749686186327,50.898602695690165,-11.679878790262274
2001-12-08,-35.6194094961318,-31.27740551447679,50.583624740970784,-11.96228968239442
2001-12-09,-35.55596055864118,-32.48474413323246,50.45954712079449,-12.232829677841389
2001-12-10,-35.5787331394762,-33.202048899309524,51.000315296597044,-12.548923707353312
2001-12-11,-34.6266471739907,-30.440729509415632,53.074500546325886,-11.979824604327458
2001-12-12,-34.569428868388215,-30.410269433366842,52.56648293620988,-11.149660888414775
2001-12-13,-36.77184081336287,-28.696935193665688,52.33846080080388,-10.64918855484095
2001-12-14,-35.65222691886424,-27.087004371487318,52.1191347463408,-8.389906107697819
2001-12-15,-35.0680723436572,-27.455489068043093,52.43778370378666,-7.2567426694511195
2001-12-16,-36.62305970631849,-28.36648203760623,52.98771797078873,-7.447392132261703
2001-12-17,-37.21105011545447,-28.15534780321876,53.14743965140443,-8.4730814242128
2001-12-18,-38.761663516963516,-28.945405731967586,52.74829977701057,-7.6979336442418775
2001-12-19,-37.76124422482658,-28.877433177554323,51.988608907332534,-9.158348712593824
2001-12-20,-36.870722427062574,-29.030132164488208,52.43065148160881,-10.76395935535777
2001-12-21,-37.65921116069954,-28.109437296229245,53.02868082433744,-9.598550991191706
2001-12-22,-37.47726583453269,-27.001016713634293,54.26379465808428,-10.019949676919275
2001-12-23,-37.29981400484333,-26.516584948830562,55.343089234188284,-10.430323393511888
2001-12-24,-36.81931004023595,-27.556401813088193,55.76964912487473,-9.344024127494418
2001-12-25,-35.93869651751246,-26.76469745540445,55.80365578222598,-9.974605766187182
2001-12-26,-36.99716503579552,-25.12362020562454,52.14066023288287,-10.924705688429539
2001-12-27,-38.675833660519224,-25.397783612477852,51.1773208657404,-9.887705960887935
2001-12-28,-39.042022758023855,-25.94182745181314,52.39998582425951,-9.28924913574713
2001-12-29,-37.90600290609689,-24.46695098530939,52.47800668767208,-8.391846416958892
2001-12-30,-38.837267644742674,-24.718242523845134,53.57900969719798,-7.11281029620114
2001-12-31,-38.33899119496529,-24.80282653344958,52.89504732025091,-6.994022400921311
2002-01-01,-38.3269792174231,-23.838094167184366,54.33923879278569,-6.205197825619619
2002-01-02,-39.10801834346758,-23.456290190328264,56.268735065061904,-6.3473366012721355
2002-01-03,-38.052861220448165,-23.118168304611423,57.16744986835525,-6.18821995400024
2002-01-04,-39.139555480677075,-25.13225937977329,57.694901924147516,-6.951942479434595
2002-01-05,-40.63344639647138,-25.675755445827456,58.652768563055346,-7.209316268215332
2002-01-06,-39.000817710567546,-26.60284957483944,58.125788148281295,-7.781657809251612
2002-01-07,-39.80204858610268,-26.590061818085356,59.08701970437964,-7.945852968613042
2002-01-08,-39.93483956837786,-27.740466243292378,58.91938787010134,-8.676196296840502
2002-01-09,-42.01185348189372,-28.091860213743615,58.86396647363901,-9.626572237824469
2002-01-10,-42.233666574952096,-29.132241960448223,57.44560583910934,-8.97295658503235
2002-01-11,-43.25377950372318,-30.75254621611082,56.50123225333332,-9.200570920990605
2002-01-12,-43.91838124714516,-31.195339682162444,57.48320264937273,-10.078015253239311
2002-01-13,-44.15962540137464,-29.51785173097862,57.16908545170372,-9.049362286300127
2002-01-14,-43.14409450625344,-30.783349519950242,56.94073230765319,-9.99460183990647
2002-01-15,-43.376027776263555,-31.784480896528052,56.36394734521424,-9.88612492023065
2002-01-16,-42.228051537756365,-33.29298437082047,56.49814342317712,-11.029383419065768
2002-01-17,-42.08603536185835,-32.078419957283074,58.41949985807913,-9.314802474267346
2002-01-18,-40.29742142791231,-31.02167576779705,58.47355198332813,-8.24999362972454
2002-01-19,-42.64858866220887,-30.037660850318712,58.95998151352906,-9.582027615285469
2002-01-20,-39.991976912053865,-29.39872139794528,59.24597221068365,-8.491026798350877
2002-01-21,-38.622213506896145,-28.695902627219454,57.553304513576414,-8.344931188537034
2002-01-22,-38.91646217561644,-28.911658183789573,57.47648631336206,-9.7329988502399
2002-01-23,-38.44838156309352,-28.18074634535573,56.246892508392776,-9.644059139534367
2002-01-24,-38.36589277445967,-28.896774140624355,56.923549648531065,-9.048531430319523
2002-01-25,-39.09370174727017,-29.19068612370673,57.535908424212984,-8.56719697696786
2002-01-26,-39.163234091399985,-28.651359334740285,58.14250893926244,-10.464738624198088
2002-01-27,-39.70780398625781,-26.691251276303706,58.10789075777742,-12.956294689832909
2002-01-28,-40.81076431172792,-26.6407852976371,58.56805544590446,-11.339979703500372
2002-01-29,-39.811580636805566,-25.829049101767176,60.71626142556519,-10.902187180203152
2002-01-30,-40.27908553223218,-27.9776062064028,60.25066040883453,-10.595009161236492
2002-01-31,-40.573512562724005,-27.284963632507974,60.262753283410596,-11.244298305715697
2002-02-01,-40.599530301044865,-27.149499622879635,62.22148742450865,-10.309291493893879
2002-02-02,-40.81614821430201,-24.736564008480507,62.07840315531437,-11.526053247010015
2002-02-03,-40.051572004417515,-25.19354859203905,62.356854823295166,-10.391037290931932
2002-02-04,-37.80318345012738,-27.706323931260393,60.50398859519365,-10.006435242353353
2002-02-05,-36.31159460469121,-26.60106064720555,61.27835005068078,-10.373387303561595
2002-02-06,-36.887296093823515,-24.749925367520305,61.2583411068652,-7.806329776828168
2002-02-07,-35.00931224729276,-24.917466870074847,61.18715616956791,-6.635052022487667
2002-02-08,-33.783483981126736,-25.254678507512875,61.29929515886976,-7.343482937126049
2002-02-09,-33.22502063477841,-24.931864237009354,60.14539545597237,-5.408050744078146
2002-02-10,-32.377323719815784,-25.611927523527445,60.66431117163696,-7.132593109194648
2002-02-11,-31.082019557222385,-24.763481811591934,60.59678803141055,-7.272194168271962
2002-02-12,-32.91710795520156,-26.93115131151822,61.72374261306208,-5.225099892733866
2002-02-13,-32.86338197506378,-27.418882291228126,60.22672256069773,-5.670052141674255
2002-02-14,-33.841908319460224,-26.14472633013008,60.09886173214693,-5.246450596983913
2002-02-15,-34.87498699304685,-25.48615099305297,60.171893576528184,-5.319447938449099
2002-02-16,-33.04152949387482,-24.365195526686037,60.34908776518723,-3.419626552778842
2002-02-17,-31.584438898717913,-24.79297266722774,58.219122207408596,-4.874250353694432
2002-02-18,-31.11498042297911,-25.14067912119964,58.03035858125027,-5.991914028130232
2002-02-19,-32.66955540231499,-25.231364141915,58.480958180280474,-5.8105539908929025
2002-02-20,-33.32578435400402,-25.307554288545706,60.61486461531124,-5.539990521758139
2002-02-21,-31.656690853200452,-23.951429622737052,60.73822203340995,-5.508708707833403
2002-02-22,-31.852604230181512,-22.798927069825183,60.10718486965318,-4.580849078480096
2002-02-23,-31.56432787063167,-22.6303010222789,59.30900447200847,-5.601974770986079
2002-02-24,-30.11602922556563,-23.558391715414054,59.408967259330645,-6.08516324146089
2002-02-25,-30.290344884317346,-24.133819313670028,60.03481850232322,-5.136139766209327
2002-02-26,-29.808738559381112,-23.484956229732166,60.69818821802818,-4.881753461600802
2002-02-27,-30.147018666776848,-24.656969531992853,59.77310424945,-6.973395672617147
2002-02-28,-29.717203584906862,-23.380147961023948,60.73970902976691,-6.849704866913686
2002-03-01,-27.744020772811623,-22.977404696508852,63.14834377144456,-7.594383010572979
2002-03-02,-27.577275432049596,-22.042303920843935,62.37893102272092,-7.891665608025101
2002-03-03,-27.724415849000813,-23.323708691532254,63.917241494647975,-6.256378688130427
2002-03-04,-29.330021973965366,-23.047846254928455,64.49038231524104,-6.833379545615333
2002-03-05,-29.46707036773909,-21.991634115092495,65.40598341496514,-6.116705358890629
2002-03-06,-31.67030958206744,-21.20117582576927,65.06530968185268,-7.310940478403201
2002-03-07,-32.8064857711367,-21.332710317310262,64.64470697479759,-6.408362505473703
2002-03-08,-35.29218408202698,-22.8393665546021,64.16229457739051,-6.43951356970668
2002-03-09,-36.25070350345659,-22.371679084069022,65.67224476524709,-7.6481075625423385
2002-03-10,-37.148735135918514,-24.529375172380675,63.40735414000079,-5.492987976088665
2002-03-11,-36.391348169778624,-23.31888853002559,62.67732933959567,-6.090613584756106
2002-03-12,-35.82468148681555,-23.64056126428818,63.67856427896843,-5.554824413505832
2002-03-13,-36.3698391077149,-25.314697623218468,62.441467639376164,-5.606348701437826
2002-03-14,-37.938437264298145,-26.52547177934076,62.796249839095196,-5.712226202348925
2002-03-15,-36.227194029069715,-27.779122808000896,64.21240526948597,-6.0502715732220995
2002-03-16,-38.37098233781633,-29.86844272094423,62.9627222100859,-6.070397538372986
2002-03-17,-39.360068096356464,-27.386367274604083,65.83014718006075,-6.221812758216697
2002-03-18,-38.728779087198426,-27.95837153862323,65.22672246547111,-7.960371452586514
2002-03-19,-40.13411717849625,-27.060931571872388,65.78268388504337,-8.181870635502671
2002-03-20,-39.745402886190824,-26.697335661202427,64.67298686380984,-9.556951368401416
2002-03-21,-39.37511132716985,-27.365649796332246,64.47949328404512,-12.79102015168596
2002-03-22,-40.09675888294546,-27.09430854387563,63.97808710331113,-12.577720866711493
2002-03-23,-41.15207352533591,-25.914690439201486,63.66006338737479,-14.280609679960786
2002-03-24,-41.25746469258333,-26.03555034080261,64.21819039102961,-13.876375103814725
2002-03-25,-42.018409830069444,-26.00414574247237,65.5529294083695,-13.240951087343085
2002-03-26,-42.95816904601817,-27.036973373077224,65.60767894770314,-14.779427392427362
2002-03-27,-43.51188086148877,-27.291509416485756,67.91917530664249,-12.679244806913049
2002-03-28,-44.63379324184052,-25.328414696802575,68.0350115933221,-12.91038694010606
2002-03-29,-44.099384209379224,-25.61227347996382,65.67850066032156,-11.706136008139248
2002-03-30,-43.206750854313825,-25.427121999631314,65.73031732287534,-9.689728815628342
2002-03-31,-42.225020867929004,-25.71204544554544,65.28780042126502,-9.841253251807242
2002-04-01,-43.090623036623406,-25.807514670645276,66.31312647950408,-9.497415294190857
2002-04-02,-42.59975030520365,-24.532106218121072,66.12667529627677,-11.310231857813989
2002-04-03,-41.083386229709824,-23.84491403925644,64.85395279003907,-10.90354715574714
2002-04-04,-40.78030936358584,-23.50443267014034,64.89491345616236,-11.36268412790811
2002-04-05,-40.508985447522825,-22.676274069728613,65.5177251278182,-10.684483836958076
2002-04-06,-40.81686746427553,-22.738429427456353,64.02955865338583,-10.680111001507651
2002-04-07,-40.20528050249162,-23.558247139876535,63.91517518625793,-9.861287944130348
2002-04-08,-40.525011468602706,-22.055118693159997,63.2539083689666,-8.925466875317102
2002-04-09,-40.12436084975426,-22.860782081687034,63.961452818795095,-9.132157748112991
2002-04-10,-39.090491074466144,-21.58487052530168,64.20105610234327,-10.817569723618021
2002-04-11,-38.64637656282832,-20.72282724461398,66.16130458643147,-14.4135189390422
2002-04-12,-40.36898841756614,-19.62602237051736,65.35116481605752,-14.032352035179743
2002-04-13,-40.56980965252912,-19.26347304204109,64.26937178807891,-12.268782386523958
2002-04-14,-41.43749298748977,-20.401475789344932,63.63256299207885,-11.011229884257235
2002-04-15,-41.38167558593411,-18.92660418087447,63.64513091321058,-9.24497221360992
2002-04-16,-40.85337067575354,-19.152761753257764,62.048346466057836,-10.019215945201683
2002-04-17,-40.3869264758607,-19.7874018104123,62.8213557054662,-8.947046647182686
2002-04-18,-39.33029428217965,-19.222618401474154,62.81091889514854,-9.876177815910802
2002-04-19,-39.30805212424597,-20.65508523989688,63.47059802636133,-9.30460366770859
2002-04-20,-38.066431783774135,-20.807003437414775,62.24910336055273,-10.270157397464013
2002-04-21,-35.76106713500441,-21.94955336237637,61.796872388448115,-10.960428619483162
2002-04-22,-36.32878390445202,-23.080362499808736,61.51205414036941,-10.477939790486952
2002-04-23,-34.79455852825606,-22.38178725836451,62.196846970912254,-11.256371878708613
2002-04-24,-35.45084815072506,-21.64129711896791,62.30684884188429,-11.294547674415742
2002-04-25,-36.44862309256003,-21.222929510511726,63.77385650908328,-11.340915893543258
2002-04-26,-35.760336265790905,-22.574388261088057,63.169103626149095,-11.287411556247399
2002-04-27,-35.68762762778765,-21.557694641179676,64.8832328849375,-11.344510143025648
2002-04-28,-35.73758677395424,-20.76360065057958,64.28259764492621,-11.58941500987132
2002-04-29,-37.590546768721076,-20.458273315011,63.83233978307658,-10.940978131041652
2002-04-30,-37.07418375277159,-21.02296313481329,64.70013330574899,-9.155856054524223
2002-05-01,-38.28397255808693,-20.711218828429903,62.19691647313104,-8.49428768275248
2002-05-02,-37.398869388102305,-22.18825686966552,62.61610811395522,-7.422690066131411
2002-05-03,-37.945194114853614,-22.131536538783394,62.72650577591169,-6.616451744790758
2002-05-04,-37.98947581762297,-24.2398428135521,61.98194846092617,-4.504148905686126
2002-05-05,-37.608698999144,-24.118730063734194,61.76743784485681,-4.763496905147005
2002-05-06,-37.617569392530314,-23.282279504977335,63.38452860316736,-4.701017964164571
2002-05-07,-37.377324511411196,-23.250036674575895,64.23010791662718,-4.469851203051351
2002-05-08,-37.42264831690636,-22.693843174795283,63.37400256786953,-3.5895391277299717
2002-05-09,-36.626072470322704,-23.225568176500612,62.80505445630532,-4.212969127480519
2002-05-10,-36.52050287098455,-24.43409407670056,62.96449640540635,-4.11957750854714
2002-05-11,-37.15992176136711,-25.72968691492775,63.146639197019184,-3.241600920008889
2002-05-12,-37.27476774939306,-26.797872820833387,61.39267653740829,-3.5666634855608006
2002-05-13,-37.011496137019165,-27.78545922487637,62.890838839591645,-3.907446838962424
2002-05-14,-38.28293132926176,-28.153412741858336,61.580597479246286,-1.7046861135785427
2002-05-15,-36.75061773559556,-28.35430790544917,64.40373707690159,0.6776988283705583
2002-05-16,-36.28425405067964,-27.630409374196145,65.45276026994459,1.171864027842602
2002-05-17,-36.84765209976959,-27.30719523040504,65.25592663009733,2.98421064481487
2002-05-18,-37.19749261566553,-26.971496166359668,65.56375489558711,3.623485890097921
2002-05-19,-36.61700443411284,-27.061154192590138,65.40202242503479,4.350344979150738
2002-05-20,-36.73479038652727,-27.667728052131576,66.58261170419223,3.940948873198938
2002-05-21,-36.066235702223274,-26.23481394682203,68.36485154601854,2.347930503441614
2002-05-22,-35.66996655050122,-26.192918240990352,68.04554473127743,1.8504548591011916
2002-05-23,-36.125992105429106,-25.143105025248417,67.24468249723947,1.319209350332657
2002-05-24,-37.08321341683567,-23.050317143829062,66.17400777905841,0.13131926886320255
2002-05-25,-38.928434542768734,-21.71031206059831,66.62212702184448,0.7281362625839212
2002-05-26,-38.9305100204693,-21.363720285959815,66.51642866333154,2.1392981820633628
2002-05-27,-37.519373372419714,-21.46650615677952,67.36756717686349,2.5983199359725986
2002-05-28,-38.75457867065738,-21.624882799606937,66.71602863567821,3.336862589644896
2002-05-29,-38.649220406716964,-21.76692970118913,66.6674391752601,3.610966461509749
2002-05-30,-38.69027802783118,-22.064577130810587,67.48744088737142,2.432783148344855
2002-05-31,-38.73475893814048,-22.67725358278833,68.64537057080796,1.4268137245492938
2002-06-01,-39.134985452622765,-22.62234835976338,69.06783852477899,0.10558534652676643
2002-06-02,-36.55771151236947,-22.468108179852933,68.54521783679463,0.8135179635232577
2002-06-03,-35.1853483046602,-21.555408081014573,69.98942254919842,1.4926869378309475
2002-06-04,-34.500143875947224,-19.521221382639315,70.49182407645112,0.7852795326302197
2002-06-05,-33.74000838898999,-21.01381349211692,69.5827577311702,1.3056557500513386
2002-06-06,-33.70927373301185,-20.10317844303237,69.35482715737805,-0.49408196870305043
2002-06-07,-34.15859183981262,-19.966196054685902,68.63540536372949,-1.2029421398373246
2002-06-08,-34.91350646075698,-19.39846188582672,68.62911700927619,-1.7006557120357346
2002-06-09,-35.08584064954653,-20.017060529912662,67.82745291611049,-1.2930105960025895
2002-06-10,-35.70256006552902,-19.673556879917484,67.64161819649573,-1.229959239151052
2002-06-11,-33.34229206347704,-19.651154204691775,68.0582379856664,-0.9840864495860557
2002-06-12,-33.01511862218322,-20.16304584448766,67.60388970650727,-0.4136789251271158
2002-06-13,-32.9645243301981,-19.961222340502857,68.28549937066194,-0.462873663651724
2002-06-14,-32.56730343540389,-21.81194229740027,68.10189365136132,-1.3424051304243727
2002-06-15,-32.843113038805576,-21.574266599487164,68.27489205855696,-1.2590491332372884
2002-06-16,-35.30891000308536,-20.88143212609269,68.9914825128926,-1.7266596716205642
2002-06-17,-33.92717868094864,-19.366926366172603,70.52988505945127,-0.7623404649817335
2002-06-18,-33.0866972727493,-19.547581726893284,71.10956951403294,0.833896607754708
2002-06-19,-33.688901467705314,-19.95323324570806,71.07536748793697,0.6719095771591271
2002-06-20,-34.06686580988,-21.37737981569727,71.2716471767434,-0.4825113768086481
2002-06-21,-33.93617727010192,-21.44262840215251,70.75046580795619,-0.3177041634203933
2002-06-22,-34.231835925811815,-21.503098229062495,70.52007747069408,-0.14639703940571713
2002-06-23,-34.34648140545727,-22.139995658933245,71.44340070183415,0.1120663203813384
2002-06-24,-34.84902951027223,-22.64182194951737,72.46724657327216,1.6772612282432258
2002-06-25,-35.26422432885204,-22.86122158500994,74.14309513244459,1.5085025612106846
2002-06-26,-35.23274998117353,-21.16907986496166,73.33698246181063,0.7098317298393036
2002-06-27,-33.37126930224917,-21.643298016405094,72.25987567480921,-1.5380639701719958
2002-06-28,-33.13745642739842,-20.875667848721537,72.77923250560494,-1.4099689344918584
2002-06-29,-32.5366711859127,-20.28682266087232,73.93605100709446,-2.464422376859741
2002-06-30,-34.38018813776306,-19.934644196807135,74.5629705154469,-2.2802658105686056
2002-07-01,-34.640002736296694,-22.912384911469047,73.51180807530156,-1.5885426598845647
2002-07-02,-33.66194132392088,-23.775797321035846,73.73227288983622,-1.4731215283409353
2002-07-03,-33.63654181730176,-23.102806482026534,72.68345354727995,-2.182598538477577
2002-07-04,-32.99947252664594,-22.83541700949171,70.50065240562103,-3.578816822814429
2002-07-05,-32.532134766484525,-21.769294028721912,71.1680095458923,-4.03527969147207
2002-07-06,-31.63627391170199,-21.744426516833713,69.63919598926871,-3.7456453909392073
2002-07-07,-31.91385122490888,-20.80013363683787,69.97536618647223,-4.4256200845489255
2002-07-08,-31.546700830252835,-19.94920902799029,69.72551974451515,-3.2975690340871373
2002-07-09,-31.363654933160436,-20.227289537342926,70.24735198377668,-3.8028328575555013
2002-07-10,-31.5385042583597,-19.99992808414867,69.30235818401759,-3.770643731144805
2002-07-11,-31.1542222158606,-19.50288527290781,68.00502081643171,-5.6134940710296295
2002-07-12,-30.726953823144083,-20.08349399420477,68.42006484873812,-7.602996560754315
2002-07-13,-32.64415526109916,-19.84904960613492,66.649133234573,-7.542270564981213
2002-07-14,-31.81004051699134,-20.59353767651289,66.81135178164038,-7.110280070733771
2002-07-15,-29.515853687474397,-19.516982266272223,67.07132070587134,-7.144881066748307
2002-07-16,-29.2979230298773,-18.618461158513202,66.78733262802078,-6.414557529427753
2002-07-17,-29.896911752945616,-17.905787610451362,66.44013253420948,-6.090646883016898
2002-07-18,-29.614492639317888,-18.287598409254255,67.86887008770631,-7.48851452627549
2002-07-19,-29.133391828577064,-17.87741261512877,67.81226949524762,-6.978907369494878
2002-07-20,-29.82486122070007,-16.144299816210918,68.86677372270172,-7.774135753574747
2002-07-21,-30.76300514208391,-16.597584632981423,69.65296500929009,-8.901348179858124
2002-07-22,-30.889991694449154,-17.255159709895935,68.53313062858831,-8.764157879066683
2002-07-23,-29.693372946647816,-15.750388326215353,67.21039169306526,-9.267254706065303
2002-07-24,-30.332328985172566,-14.66886421485558,66.31329727367398,-8.54681619217016
2002-07-25,-29.575652079697853,-15.598900828121508,64.93939640407288,-10.279930900971019
2002-07-26,-30.30858894238205,-16.250779443898004,63.60656882006615,-11.009315416718337
2002-07-27,-31.26665068315014,-17.690528902512703,62.14026752839026,-9.970861381175176
2002-07-28,-30.949895777445644,-17.862423990395357,62.43615597199461,-9.896491173494814
2002-07-29,-29.69529664939062,-18.55190805691085,62.658176411614164,-10.254232999248341
2002-07-30,-28.581848594298382,-19.083408854779112,64.31499268629733,-10.935183110736688
2002-07-31,-28.453667515405485,-19.30871170101338,61.80259624316386,-11.303617562579346
2002-08-01,-29.817574567353663,-18.287720471367827,61.393607345291706,-11.694454654743057
2002-08-02,-30.621661777088757,-18.199401754062112,64.82028939051021,-10.91874252904101
2002-08-03,-31.03408503627476,-18.017579330594796,66.73586149807254,-10.466429337321216
2002-08-04,-32.22950921434116,-17.817883952487513,66.81249862325157,-11.746792695429814
2002-08-05,-30.147209386655135,-17.692471018981827,66.8961882776713,-10.363804918975235
2002-08-06,-30.23023749935418,-19.017747374532348,67.42058952353933,-11.0550214201076
2002-08-07,-29.842261826258998,-19.78121277548644,68.39463410514593,-11.734420688050307
2002-08-08,-29.21068265602378,-19.512253012302182,67.07683828375504,-12.309791455171094
2002-08-09,-29.875344461309467,-20.96239736307269,66.74739053544052,-12.997108224583537
2002-08-10,-30.22812452447451,-21.505111230006975,66.4596689175829,-13.364695903583414
2002-08-11,-30.37272754680734,-18.500850043024162,66.38225239978763,-13.328255574079783
2002-08-12,-30.701706444911785,-17.534580899718215,65.66485275746189,-11.8401856976053
2002-08-13,-33.11288723698775,-17.86876998395545,66.56640759019528,-12.203033659452798
2002-08-14,-32.58993778931216,-19.669631851788893,65.2636604592651,-11.43184355962333
2002-08-15,-34.01892792857202,-21.943265651151684,65.42943873476041,-11.368209386429013
2002-08-16,-34.692442040570725,-21.99168342239448,64.86619135499197,-12.069150582134379
2002-08-17,-34.70557708398282,-23.19304326973509,64.32185219541886,-11.759734657388808
2002-08-18,-34.035211588973844,-22.751341230689466,63.70496756673979,-11.52135309216241
2002-08-19,-34.23643007653079,-23.85781432785311,63.912806834407505,-12.240394276653145
2002-08-20,-33.782764838715295,-24.707052476533363,64.60452382447035,-11.05252342351058
2002-08-21,-32.65577920638146,-25.27790380772678,65.88468999984225,-11.152133329027382
2002-08-22,-32.47652961596169,-28.16592732232773,65.8660048134945,-10.527902648093377
2002-08-23,-32.789509763105286,-29.6643686511734,65.96681773425304,-10.58920357363946
2002-08-24,-32.03061040316926,-29.29329420450947,67.78971013092203,-11.725841402190914
2002-08-25,-32.32995490786249,-30.57750548602821,68.36196457449203,-12.886531772301892
2002-08-26,-32.46553674703136,-30.732284082744467,68.15142812400556,-13.495569267806093
2002-08-27,-31.943913744355577,-30.280820560355952,68.15689385114045,-12.902456588365421
2002-08-28,-30.534278285809055,-29.130607484775243,68.89805243059503,-13.069901958057685
2002-08-29,-30.77976758656584,-30.01668535585977,68.11419083448584,-12.167311595421483
2002-08-30,-31.70154641484932,-28.595762479287302,66.56725865452343,-12.660443040840756
2002-08-31,-30.7097324889689,-29.645582865419367,66.21214570199238,-12.358125446642003
2002-09-01,-28.645140022193488,-30.116275703622904,65.92216891274995,-12.052151172074087
2002-09-02,-29.6093629351326,-30.7483815923428,65.31984412491063,-11.915105355198776
2002-09-03,-29.954640837679072,-31.560431851740447,64.97042297933477,-13.361488398675219
2002-09-04,-31.19252665339844,-32.716139572880806,64.80226055028022,-13.4732840458481
2002-09-05,-32.26359196826154,-32.65586625340108,67.23720395694279,-14.440205489392659
2002-09-06,-31.2341758883286,-31.97751571640315,69.41610226691992,-15.686777945139099
2002-09-07,-29.50152096522509,-32.46384327106602,69.60643228408242,-13.971340432700535
2002-09-08,-29.051859206353438,-32.49200399822231,71.42111349446036,-13.208368819786845
2002-09-09,-27.726412847925797,-33.37596076646927,72.12883203195129,-12.180364753798308
2002-09-10,-27.78926335683345,-32.38846694217548,72.2887385981859,-13.46843350518387
2002-09-11,-28.299991416832647,-33.04091140169066,74.2724651651669,-14.467877948606091
2002-09-12,-29.26077062573674,-32.13287238037848,74.41115388894632,-15.227773404742507
2002-09-13,-28.560070385770306,-32.21236840440287,74.34814070358716,-15.558124650960306
2002-09-14,-29.040775577971317,-32.22669555518088,76.04484017261684,-16.967349946236194
2002-09-15,-28.601490699113775,-32.00818776258508,77.62790247792647,-18.01430071121437
2002-09-16,-29.263502318183928,-32.10319995219635,78.22659717280933,-18.131078606824712
2002-09-17,-29.657453040227576,-32.17191474729223,77.04201273349558,-18.24314308774152
2002-09-18,-28.48770047243058,-33.09135149991864,76.47978990776943,-17.806445897893568
2002-09-19,-28.282590513278397,-33.747472675511474,75.40179630879048,-17.651945376885696
2002-09-20,-28.36334514234572,-33.5724445769854,76.68047318952003,-18.041883323077418
2002-09-21,-29.42094301945651,-33.03888319524593,77.1420215411241,-19.293312377285414
2002-09-22,-29.157038215322693,-32.084501060686975,75.97913465116092,-18.818255690400456
2002-09-23,-29.110858239615492,-31.7168726067732,77.28872817111744,-19.726275277166327
2002-09-24,-27.932419718781354,-30.878700450241443,78.53693273519805,-20.331715915005056
2002-09-25,-28.964089887816538,-31.841061470582513,79.20591594780456,-20.640208331257043
2002-09-26,-28.004574436959935,-30.904993311217154,79.65496821993564,-20.21422704952052
